{
  "welcomeFile": "/index.html",
  "authenticationMethod": "route",
  "routes": [
    {
      "authenticationType": "none",
      "csrfProtection": false,
      "source": "^/ZCDSEHBTC0005/(.*)$",
      "target": "/ZCDSEHBTC0005/$1",
      "destination": "cap-zhs402-api"
    },
    {
      "authenticationType": "none",
      "csrfProtection": false,
      "source": "^/ZCDSEHBTC0006/(.*)$",
      "target": "/ZCDSEHBTC0006/$1",
      "destination": "cap-zhs402-api"
    },    
    {
      "source": "^/sap/(.*)$",
      "target": "/sap/$1",
      "destination": "s4apdevds1-120-suresh",
      "authenticationType": "none",
      "csrfProtection": false
    },
    {
      "source": "^/resources/(.*)$",
      "target": "/resources/$1",
      "authenticationType": "none",
      "destination": "ui5"
    },
    {
      "source": "^/test-resources/(.*)$",
      "target": "/test-resources/$1",
      "authenticationType": "none",
      "destination": "ui5"
    },
    {
      "source": "^(.*)$",
      "target": "$1",
      "service": "html5-apps-repo-rt",
      "authenticationType": "xsuaa"
    }
  ]
}
