{
  "Component-preload.js": 1673591993484,
  "utils/locate-reuse-libs.js": 1669638419000,
  "manifest.json": 1673591993198,
  "model/columnsModel.json": 1669920940000,
  "model/models.js": 1669638419000,
  "controller/TenDigitCreateInitial.controller.js": 1670094304000,
  "controller/TenDigitCreate.controller.js": 1670181626000,
  "controller/App.controller.js": 1669638419000,
  "Component.js": 1669638419000,
  "i18n/i18n.properties": 1669638458000,
  "controller/App-dbg.controller.js": 1669638419000,
  "model/models-dbg.js": 1669638419000,
  "controller/TenDigitCreateInitial-dbg.controller.js": 1670094304000,
  "controller/TenDigitCreate-dbg.controller.js": 1670181626000,
  "utils/locate-reuse-libs-dbg.js": 1669638419000,
  "Component-dbg.js": 1669638419000,
  "view/fragments/PackingTypeValueHelp.fragment.xml": 1670180668000,
  "view/fragments/MaterialValueHelp.fragment.xml": 1669920976000,
  "view/TenDigitCreateInitial.view.xml": 1670090757000,
  "view/TenDigitCreate.view.xml": 1670181437000,
  "view/App.view.xml": 1669638419000,
  "css/style.css": 1669638419000,
  "index.html": 1669638419000
}