{
  "controller/TenDigitCreate-dbg.controller.js": 1674638479352,
  "manifest.json": 1682399933788,
  "model/columnsModel.json": 1674638479352,
  "utils/locate-reuse-libs.js": 1674638479352,
  "model/models.js": 1674638479352,
  "controller/TenDigitCreateInitial.controller.js": 1674638479352,
  "controller/TenDigitCreate.controller.js": 1674638479352,
  "controller/App.controller.js": 1674638479352,
  "Component.js": 1674638479352,
  "Component-preload.js": 1682399934396,
  "utils/locate-reuse-libs-dbg.js": 1674638479352,
  "model/models-dbg.js": 1674638479352,
  "controller/TenDigitCreateInitial-dbg.controller.js": 1674638479352,
  "i18n/i18n.properties": 1674638479352,
  "controller/App-dbg.controller.js": 1674638479352,
  "Component-dbg.js": 1674638479352,
  "view/fragments/PackingTypeValueHelp.fragment.xml": 1674638479352,
  "view/fragments/MaterialValueHelp.fragment.xml": 1674638479352,
  "view/TenDigitCreateInitial.view.xml": 1674638479352,
  "view/TenDigitCreate.view.xml": 1674638479352,
  "view/App.view.xml": 1674638479352,
  "css/style.css": 1674638479352,
  "index.html": 1674638479352
}