{
  "css/style.css": 1674638479368,
  "controller/DraftInvoiceDisplay.controller.js": 1674638479368,
  "utils/locate-reuse-libs.js": 1674638479380,
  "model/models.js": 1674638479376,
  "controller/DraftInvoiceList.controller.js": 1674638479368,
  "manifest.json": 1681451367815,
  "controller/DraftInvoiceCreate.controller.js": 1674638479368,
  "controller/App.controller.js": 1674638479368,
  "Component.js": 1674638479368,
  "Component-preload.js": 1681451368604,
  "controller/DraftInvoiceDisplay-dbg.controller.js": 1674638479368,
  "model/models-dbg.js": 1674638479376,
  "controller/DraftInvoiceList-dbg.controller.js": 1674638479368,
  "utils/locate-reuse-libs-dbg.js": 1674638479380,
  "controller/DraftInvoiceCreate-dbg.controller.js": 1674638479368,
  "controller/App-dbg.controller.js": 1674638479368,
  "Component-dbg.js": 1674638479368,
  "view/fragments/InvoiceCreateDialog.fragment.xml": 1674638479380,
  "view/DraftInvoiceList.view.xml": 1674638479380,
  "view/DraftInvoiceDisplay.view.xml": 1674638479380,
  "view/DraftInvoiceCreate.view.xml": 1674638479380,
  "view/App.view.xml": 1674638479380,
  "i18n/i18n.properties": 1674638479372,
  "index.html": 1674638479372
}