{
  "controller/DraftInvoiceDisplay.controller.js": 1674630524000,
  "Component.js": 1674630524000,
  "utils/locate-reuse-libs.js": 1674630524000,
  "model/models.js": 1674630524000,
  "controller/DraftInvoiceList.controller.js": 1674630524000,
  "i18n/i18n.properties": 1674630524000,
  "controller/DraftInvoiceCreate.controller.js": 1674630524000,
  "controller/App.controller.js": 1674630524000,
  "manifest.json": 1685132700368,
  "Component-preload.js": 1685132700852,
  "controller/App-dbg.controller.js": 1674630524000,
  "model/models-dbg.js": 1674630524000,
  "controller/DraftInvoiceList-dbg.controller.js": 1674630524000,
  "controller/DraftInvoiceDisplay-dbg.controller.js": 1674630524000,
  "controller/DraftInvoiceCreate-dbg.controller.js": 1674630524000,
  "utils/locate-reuse-libs-dbg.js": 1674630524000,
  "Component-dbg.js": 1674630524000,
  "view/fragments/InvoiceCreateDialog.fragment.xml": 1674630524000,
  "view/DraftInvoiceList.view.xml": 1674630524000,
  "view/DraftInvoiceDisplay.view.xml": 1674630524000,
  "view/DraftInvoiceCreate.view.xml": 1674630524000,
  "view/App.view.xml": 1674630524000,
  "css/style.css": 1674630524000,
  "index.html": 1674630524000
}