{
  "Component-preload.js": 1673592002091,
  "manifest.json": 1673592001622,
  "utils/locate-reuse-libs.js": 1670325985000,
  "model/models.js": 1670325985000,
  "controller/DraftInvoiceList.controller.js": 1671043397000,
  "controller/DraftInvoiceDisplay.controller.js": 1671275204000,
  "controller/DraftInvoiceCreate.controller.js": 1671782411000,
  "controller/App.controller.js": 1670325985000,
  "Component.js": 1670325985000,
  "i18n/i18n.properties": 1670326016000,
  "controller/DraftInvoiceList-dbg.controller.js": 1671043397000,
  "utils/locate-reuse-libs-dbg.js": 1670325985000,
  "controller/DraftInvoiceDisplay-dbg.controller.js": 1671275204000,
  "controller/DraftInvoiceCreate-dbg.controller.js": 1671782411000,
  "controller/App-dbg.controller.js": 1670325985000,
  "model/models-dbg.js": 1670325985000,
  "Component-dbg.js": 1670325985000,
  "view/fragments/InvoiceCreateDialog.fragment.xml": 1671625314000,
  "view/DraftInvoiceList.view.xml": 1671626775000,
  "view/DraftInvoiceDisplay.view.xml": 1671624689000,
  "view/DraftInvoiceCreate.view.xml": 1672039295000,
  "view/App.view.xml": 1670325985000,
  "css/style.css": 1670325985000,
  "index.html": 1670325985000
}